<!-- ORANGE COLOR SET BY FREAKYLINUX GUY -->
<colors>
        <!-- CONFLUENCE LITE COLORS -->
	<color name="white">FFFFFFFF</color>
	<color name="grey">FFb4b4b4</color>
	<color name="grey2">88FFFFFF</color>
	<color name="grey3">33FFFFFF</color>
	<color name="grey4">17FFFFFF</color>
	<color name="black">FF000000</color>
	<color name="blue">FFd22b04</color>
	<color name="selected">FFEB9E17</color>
	<color name="dialogheader">FFEB917</color>
        <color name="orange">FFd22b04</color>

        <!-- CONFLUENCE LITE MOD ADVANCED COLORS -->
        <color name="MenuFocus">FFd22b04</color><!--blue-->
        <color name="MenuNoFocus">FF505050</color><!--grey3-->
        <color name="SubMenu">FF999999</color><!--grey2-->
        <color name="CommonBtnFocus">ffffffff</color><!--white-->
        <color name="CommonBtnNoFocus">FF999999</color><!--grey2-->
        <color name="HomeInfoOne">ffffffff</color><!--white-->
        <color name="HomeInfoTwo">FFd22b04</color><!--blue-->
        <color name="HomeInfoThree">FF999999</color><!--grey2-->
        <color name="StatsName">FFd22b04</color><!--white-->
        <color name="StatsAmnt">FFEB9E17</color><!--white-->

        <!-- RSS FEED -->
        <color name="RSSText">FFFFFFFF</color><!--blue-->
        <color name="RSSTitle">FFEB9E17</color><!--blue-->
        <color name="RssHiLite">FFFFFFFF</color>

        <!--ADVANCED COLORS CLOCK -->
        <color name="HomeInfoDate">FFFFFFFF</color><!--white-->
        <color name="HomeInfoClock">FFFFFFFF</color><!--white-->

        <!--ADNVANCED COLORS HOME ALBUM INFO -->
        <color name="NowPlayAlbum">white</color><!--white-->
        <color name="NowPlayTitle">FFEB8E17</color><!--white-->
        <color name="NowPlayTime">white</color><!--white-->
</colors>
