<!-- PINK COLOR SET BY FREAKYLINUX GUY -->
<colors>
        <!-- CONFLUENCE LITE COLORS -->
	<color name="white">FFffffff</color>
	<color name="grey">FFb4b4b4</color>
	<color name="grey2">88FFFFFF</color>
	<color name="grey3">33FFFFFF</color>
	<color name="grey4">17FFFFFF</color>
	<color name="black">FF000000</color>
	<color name="blue">ffd204a9</color>
	<color name="selected">FFFF69b4</color>
       	<color name="dialogheader">FFdda0dd</color>
        <color name="orange">ffd204a9</color>

        <!-- CONFLUENCE LITE MOD ADVANCED COLORS -->
        <color name="MenuFocus">ffd204a9</color><!--blue-->
        <color name="MenuNoFocus">33FFFFFF</color><!--grey3-->
        <color name="SubMenu">88FFFFFF</color><!--grey2-->
        <color name="CommonBtnFocus">ffffffff</color><!--white-->
        <color name="CommonBtnNoFocus">88FFFFFF</color><!--grey2-->
        <color name="HomeInfoOne">ffffffff</color><!--white-->
        <color name="HomeInfoTwo">ffd204a9</color><!--blue-->
        <color name="HomeInfoThree">88FFFFFF</color><!--grey2-->
        <color name="StatsName">ffd204a9</color><!--white-->
        <color name="StatsAmnt">FFFF69B4</color><!--white-->
        <color name="RSSText">FFFF69B4</color><!--blue-->
        <color name="RSSTitle">ffd204a9</color><!--blue-->
        <color name="RSSHiLite">FFFF69B4</color>

        <!--ADVANCED COLORS CLOCK -->
        <color name="HomeInfoDate">FFFF69b4</color><!--white-->
        <color name="HomeInfoClock">FFd204a9</color><!--white-->


        <!--ADNVANCED COLORS HOME ALBUM INFO -->
        <color name="NowPlayAlbum">FFFF69B4</color><!--white-->
        <color name="NowPlayTitle">FFD204A9</color><!--white-->
        <color name="NowPlayTIme">FFFF69B4</color><!--white-->
</colors>
