<includes>
	<include name="WeatherWidget">
		<control type="group">
			<animation type="Visible">
				<effect type="slide" start="0,-600" end="0,0" time="600" tween="cubic" easing="out" />
				<effect type="fade" start="0" end="100" time="600" />
			</animation>
			<animation type="Hidden">
				<effect type="slide" start="0,0" end="0,-600" time="600" tween="cubic" easing="out"/>
				<effect type="fade" start="100" end="0" time="600" />
			</animation>
			<animation type="WindowClose">
				<effect type="slide" start="0,0" end="0,-600" time="600" tween="cubic" easing="out"/>
				<effect type="fade" start="100" end="0" time="600" />
			</animation>			
			<visible>Container(9000).HasFocus(7) + Skin.HasSetting(LowerMenu)</visible>
			<posx>400</posx>
			<posy>60</posy>
			<control type="image">
				<posx>0</posx>
				<posy>0</posy>
				<width>500</width>
				<height>460</height>
				<texture border="20">ContentPanel.png</texture>
			</control>
			<control type="image">
				<posx>20</posx>
				<posy>5</posy>
				<width>460</width>
				<height>90</height>
				<aspectratio>stretch</aspectratio>
				<texture>GlassTitleBar.png</texture>
			</control>
			<control type="label">
				<description>header label</description>
				<posx>20</posx>
				<posy>13</posy>
				<width>460</width>
				<height>30</height>
				<font>font13_title</font>
				<label>10508</label>
				<align>center</align>
				<aligny>center</aligny>
				<textcolor>white</textcolor>
				<shadowcolor>black</shadowcolor>
			</control>
			<control type="label">
				<description>header label</description>
				<posx>20</posx>
				<posy>40</posy>
				<width>460</width>
				<height>30</height>
				<font>font13_title</font>
				<label>$INFO[Window(Weather).Property(Location)]</label>
				<align>left</align>
				<aligny>center</aligny>
				<textcolor>white</textcolor>
				<shadowcolor>black</shadowcolor>
			</control>
			<control type="group">
				<description>day 0</description>
				<posx>20</posx>
				<posy>60</posy>
				<control type="label">
					<description>Day label</description>
					<posx>0</posx>
					<posy>0</posy>
					<width>460</width>
					<height>35</height>
					<font>font13_title</font>
					<info>Window(Weather).Property(Day0.Title)</info>
					<align>center</align>
					<aligny>center</aligny>
					<textcolor>white</textcolor>
					<shadowcolor>black</shadowcolor>
				</control>
				<control type="image">
					<description>day icon</description>
					<posx>370</posx>
					<posy>40</posy>
					<height>80</height>
					<width>80</width>
					<info>Window(Weather).Property(Day0.OutlookIcon)</info>
					<aspectratio align="right">keep</aspectratio>
				</control>
				<control type="label">
					<description>high label</description>
					<posx>40</posx>
					<posy>50</posy>
					<height>20</height>
					<font>font13</font>
					<align>left</align>
					<aligny>center</aligny>
					<label>$LOCALIZE[419] :</label>
					<textcolor>grey2</textcolor>
					<shadowcolor>black</shadowcolor>
					<visible>Weather.IsFetched</visible>
				</control>
				<control type="label">
					<description>high value</description>
					<posx>110</posx>
					<posy>50</posy>
					<height>20</height>
					<label> $INFO[Window(Weather).Property(Day0.HighTemp)]$INFO[System.TemperatureUnits]</label>
					<font>font13</font>
					<align>left</align>
					<aligny>center</aligny>
					<textcolor>white</textcolor>
					<shadowcolor>black</shadowcolor>
				</control>
				<control type="label">
					<description>low label</description>
					<posx>220</posx>
					<posy>50</posy>
					<height>20</height>
					<font>font13</font>
					<align>left</align>
					<aligny>center</aligny>
					<label>$LOCALIZE[418] :</label>
					<textcolor>grey2</textcolor>
					<shadowcolor>black</shadowcolor>
					<visible>Weather.IsFetched</visible>
				</control>
				<control type="label">
					<description>low value</description>
					<posx>290</posx>
					<posy>50</posy>
					<height>20</height>
					<label>$INFO[Window(Weather).Property(Day0.LowTemp)]$INFO[System.TemperatureUnits]</label>
					<font>font13</font>
					<align>left</align>
					<aligny>center</aligny>
					<textcolor>white</textcolor>
					<shadowcolor>black</shadowcolor>
				</control>
				<control type="label">
					<description>conditions label</description>
					<posx>70</posx>
					<posy>80</posy>
					<width>320</width>
					<height>20</height>
					<info>Window(Weather).Property(Day0.Outlook)</info>
					<font>font13</font>
					<align>center</align>
					<aligny>center</aligny>
					<textcolor>white</textcolor>
					<shadowcolor>black</shadowcolor>
				</control>
				<control type="image">
					<posx>20</posx>
					<posy>120</posy>
					<width>460</width>
					<height>4</height>
					<texture>separator.png</texture>
				</control>
			</control>
			<control type="group">
				<description>day 1</description>
				<posx>20</posx>
				<posy>190</posy>
				<control type="label">
					<description>Day label</description>
					<posx>0</posx>
					<posy>0</posy>
					<width>460</width>
					<height>35</height>
					<font>font13_title</font>
					<info>Window(Weather).Property(Day1.Title)</info>
					<align>center</align>
					<aligny>center</aligny>
					<textcolor>white</textcolor>
					<shadowcolor>black</shadowcolor>
				</control>
				<control type="image">
					<description>day icon</description>
					<posx>370</posx>
					<posy>40</posy>
					<height>80</height>
					<width>80</width>
					<info>Window(Weather).Property(Day1.OutlookIcon)</info>
					<aspectratio align="right">keep</aspectratio>
				</control>
				<control type="label">
					<description>high label</description>
					<posx>40</posx>
					<posy>50</posy>
					<height>20</height>
					<font>font13</font>
					<align>left</align>
					<aligny>center</aligny>
					<label>$LOCALIZE[419] :</label>
					<textcolor>grey2</textcolor>
					<shadowcolor>black</shadowcolor>
					<visible>Weather.IsFetched</visible>
				</control>
				<control type="label">
					<description>high value</description>
					<posx>110</posx>
					<posy>50</posy>
					<height>20</height>
					<label> $INFO[Window(Weather).Property(Day1.HighTemp)]$INFO[System.TemperatureUnits]</label>
					<font>font13</font>
					<align>left</align>
					<aligny>center</aligny>
					<textcolor>white</textcolor>
					<shadowcolor>black</shadowcolor>
				</control>
				<control type="label">
					<description>low label</description>
					<posx>220</posx>
					<posy>50</posy>
					<height>20</height>
					<font>font13</font>
					<align>left</align>
					<aligny>center</aligny>
					<label>$LOCALIZE[418] :</label>
					<textcolor>grey2</textcolor>
					<shadowcolor>black</shadowcolor>
					<visible>Weather.IsFetched</visible>
				</control>
				<control type="label">
					<description>low value</description>
					<posx>290</posx>
					<posy>50</posy>
					<height>20</height>
					<label>$INFO[Window(Weather).Property(Day1.LowTemp)]$INFO[System.TemperatureUnits]</label>
					<font>font13</font>
					<align>left</align>
					<aligny>center</aligny>
					<textcolor>white</textcolor>
					<shadowcolor>black</shadowcolor>
				</control>
				<control type="label">
					<description>conditions label</description>
					<posx>70</posx>
					<posy>80</posy>
					<width>320</width>
					<height>20</height>
					<info>Window(Weather).Property(Day1.Outlook)</info>
					<font>font13</font>
					<align>center</align>
					<aligny>center</aligny>
					<textcolor>white</textcolor>
					<shadowcolor>black</shadowcolor>
				</control>
				<control type="image">
					<posx>20</posx>
					<posy>120</posy>
					<width>460</width>
					<height>4</height>
					<texture>separator.png</texture>
				</control>
			</control>
			<control type="group">
				<description>day 2</description>
				<posx>20</posx>
				<posy>320</posy>
				<control type="label">
					<description>Day label</description>
					<posx>0</posx>
					<posy>0</posy>
					<width>460</width>
					<height>35</height>
					<font>font13_title</font>
					<info>Window(Weather).Property(Day2.Title)</info>
					<align>center</align>
					<aligny>center</aligny>
					<textcolor>white</textcolor>
					<shadowcolor>black</shadowcolor>
				</control>
				<control type="image">
					<description>day icon</description>
					<posx>370</posx>
					<posy>40</posy>
					<height>80</height>
					<width>80</width>
					<info>Window(Weather).Property(Day2.OutlookIcon)</info>
					<aspectratio align="right">keep</aspectratio>
				</control>
				<control type="label">
					<description>high label</description>
					<posx>40</posx>
					<posy>50</posy>
					<height>20</height>
					<font>font13</font>
					<align>left</align>
					<aligny>center</aligny>
					<label>$LOCALIZE[419] :</label>
					<textcolor>grey2</textcolor>
					<shadowcolor>black</shadowcolor>
					<visible>Weather.IsFetched</visible>
				</control>
				<control type="label">
					<description>high value</description>
					<posx>110</posx>
					<posy>50</posy>
					<height>20</height>
					<label> $INFO[Window(Weather).Property(Day2.HighTemp)]$INFO[System.TemperatureUnits]</label>
					<font>font13</font>
					<align>left</align>
					<aligny>center</aligny>
					<textcolor>white</textcolor>
					<shadowcolor>black</shadowcolor>
				</control>
				<control type="label">
					<description>low label</description>
					<posx>220</posx>
					<posy>50</posy>
					<height>20</height>
					<font>font13</font>
					<align>left</align>
					<aligny>center</aligny>
					<label>$LOCALIZE[418] :</label>
					<textcolor>grey2</textcolor>
					<shadowcolor>black</shadowcolor>
					<visible>Weather.IsFetched</visible>
				</control>
				<control type="label">
					<description>low value</description>
					<posx>290</posx>
					<posy>50</posy>
					<height>20</height>
					<label>$INFO[Window(Weather).Property(Day2.LowTemp)]$INFO[System.TemperatureUnits]</label>
					<font>font13</font>
					<align>left</align>
					<aligny>center</aligny>
					<textcolor>white</textcolor>
					<shadowcolor>black</shadowcolor>
				</control>
				<control type="label">
					<description>conditions label</description>
					<posx>70</posx>
					<posy>80</posy>
					<width>320</width>
					<height>20</height>
					<info>Window(Weather).Property(Day2.Outlook)</info>
					<font>font13</font>
					<align>center</align>
					<aligny>center</aligny>
					<shadowcolor>black</shadowcolor>
					<textcolor>white</textcolor>
				</control>
			</control>	
		</control>
	</include>
</includes>